S,B,is_validation,oom,latency_s,latency_min_s,latency_p90_s,latency_iters,latency_loop_s,memory_bytes,memory_bytes_warm,memory_base_bytes,energy_j,energy_iters,energy_window_s,mean_power_w,sm_clock_mhz,mem_clock_mhz,gpu_temp_c,flops_profiler,elapsed_s
32,1,0,0,0.00041182059794664383,0.00040687015280127525,0.000423653656616807,300,,13770752,18789376,4199424,,,,,,,,,0.26
32,2,0,0,0.00039966683834791183,0.0003955420106649399,0.0004099956713616848,300,,18899968,18899968,13779968,,,,,,,,,0.14
32,4,0,0,0.0004082045052200556,0.0004036286845803261,0.0004223623313009739,300,,19121152,19121152,13804544,,,,,,,,,0.15
32,8,0,0,0.00041566789150238037,0.0004119398072361946,0.0004260706715285778,300,,19563520,19563520,13853696,,,,,,,,,0.14
32,16,0,0,0.00042260391637682915,0.0004187379963696003,0.00043411757797002793,300,,20448256,20448256,13952000,,,,,,,,,0.14
32,32,0,0,0.00043864804320037365,0.00043294765055179596,0.000451740762218833,300,,22217728,22217728,14148608,,,,,,,,,0.14
32,64,0,0,0.00044357054866850376,0.00044095562770962715,0.00044879079796373845,300,,18736128,18736128,14541824,,,,,,,,,0.14
32,95,1,0,0.0004980412777513266,0.00048503465950489044,0.0005037765018641949,300,,21148672,21148672,14922752,,,,,,,,,0.16
32,98,1,0,0.0005270945839583874,0.0005209040828049183,0.0005336782895028591,300,,21439488,21439488,14959616,,,,,,,,,0.17
32,128,0,0,0.0005655805580317974,0.0005542482249438763,0.0005781553220003844,300,,23847936,23847936,15328256,,,,,,,,,0.18
32,167,1,0,0.0006784910801798105,0.000664818100631237,0.0006831783801317215,300,,26752000,26752000,15807488,,,,,,,,,0.22
32,256,0,0,0.0008794346358627081,0.0008460418321192265,0.0008825362194329501,300,,33678336,33678336,16901120,,,,,,,,,0.28
48,1,1,0,0.0003189456183463335,0.000312556978315115,0.0003259120509028435,300,,13930496,13930496,13783040,,,,,,,,,0.11
48,2,1,0,0.000318287406116724,0.00031367596238851547,0.00032515721395611765,300,,14105600,14105600,13810688,,,,,,,,,0.1
48,4,1,0,0.0004043695516884327,0.0004000021144747734,0.00041024042293429374,300,,19305472,19305472,13865984,,,,,,,,,0.13
48,8,1,0,0.000409543514251709,0.0004059476777911186,0.000414831330999732,300,,19932160,19932160,13976576,,,,,,,,,0.13
48,16,1,0,0.00039654411375522614,0.0003941650502383709,0.00039884652942419053,300,,16557056,16557056,14197760,,,,,,,,,0.13
48,32,1,0,0.0004204483702778816,0.00041669607162475586,0.0004253508988767862,300,,19358720,19358720,14640128,,,,,,,,,0.14
48,64,1,0,0.0005331758875399828,0.0005127699114382267,0.0005357110407203436,300,,24962048,24962048,15524864,,,,,,,,,0.17
48,95,1,0,0.0006889395881444216,0.0006590671837329865,0.0006931065581738949,300,,30852096,30852096,16381952,,,,,,,,,0.22
48,98,1,0,0.0007011925335973501,0.0006895903497934341,0.0007035552058368921,300,,31073280,31073280,16464896,,,,,,,,,0.22
48,128,1,0,0.0008098774123936892,0.0007844013161957264,0.0008119609672576189,300,,36168704,36168704,17294336,,,,,,,,,0.26
48,167,1,0,0.0010255847591906786,0.0010210881009697914,0.0010276170447468757,300,,43538432,43538432,18372608,,,,,,,,,0.33
48,256,1,0,0.001401724060997367,0.0013514836318790913,0.001405266486108303,300,,58582016,58582016,20833280,,,,,,,,,0.44
64,1,0,0,0.0004185668658465147,0.00041195284575223923,0.00042669279500842097,300,,32777216,32777216,13804544,,,,,,,,,0.14
64,2,0,0,0.00041081150993704796,0.0004066377878189087,0.00041695176623761653,300,,32924672,32924672,13853696,,,,,,,,,0.13
64,4,0,0,0.00041764648631215096,0.00041369395330548286,0.0004236279521137476,300,,33489920,33489920,13952000,,,,,,,,,0.14
64,8,0,0,0.0004220069386065006,0.0004180711694061756,0.0004281208850443363,300,,35906560,35906560,14148608,,,,,,,,,0.14
64,16,0,0,0.00043191458098590374,0.00042861001566052437,0.0004379771649837494,300,,31712256,31712256,14541824,,,,,,,,,0.14
64,32,0,0,0.0004849843680858612,0.0004734322428703308,0.0004888094030320644,300,,23847936,23847936,15328256,,,,,,,,,0.16
64,64,0,0,0.0007037695031613111,0.0006583118811249733,0.0007058949675410986,300,,33678336,33678336,16901120,,,,,,,,,0.22
64,95,1,0,0.0009615584276616573,0.0009519117884337902,0.0009667520876973868,300,,43590656,43590656,18424832,,,,,,,,,0.31
64,98,1,0,0.0009746644645929337,0.0009521776810288429,0.0009807586669921876,300,,44262400,44262400,18572288,,,,,,,,,0.31
64,128,0,0,0.0011876195203512907,0.0011609671637415886,0.0011901862919330597,300,,53601280,53601280,20046848,,,,,,,,,0.38
64,167,1,0,0.0015256351325660944,0.0014938600361347198,0.0015288783237338067,300,,65741824,65741824,21963776,,,,,,,,,0.48
64,256,0,0,0.002133798087015748,0.002083259169012308,0.002136028418317437,300,,93447168,93447168,26338304,,,,,,,,,0.67
112,1,1,0,0.0003262348473072052,0.00031809741631150246,0.0003418678417801857,300,,14708736,14708736,13905920,,,,,,,,,0.11
112,2,1,0,0.0003736717626452446,0.0003699366934597492,0.0003799605183303356,300,,15662080,15662080,14056448,,,,,,,,,0.12
112,4,1,0,0.0004037295002490282,0.0004006261005997658,0.0004107641987502575,300,,34706432,34706432,14357504,,,,,,,,,0.13
112,8,1,0,0.0004485684912651777,0.00044153910130262375,0.00045251944102346896,300,,21439488,21439488,14959616,,,,,,,,,0.15
112,16,1,0,0.0005937470123171806,0.0005593760870397091,0.0005972411949187517,300,,29008896,29008896,16163840,,,,,,,,,0.19
112,32,1,0,0.0009357272647321224,0.0009077438153326511,0.0009390836581587792,300,,44262400,44262400,18572288,,,,,,,,,0.3
112,64,1,0,0.0016026133671402931,0.0015107877552509308,0.0016063704155385495,300,,75228160,75228160,23847936,,,,,,,,,0.5
112,95,1,0,0.002203015610575676,0.00214074132964015,0.0022061055060476065,300,,104702976,104702976,28435456,,,,,,,,,0.69
112,98,1,0,0.0022483435459434986,0.0022034309804439545,0.002251484664157033,300,,108198912,108198912,28507136,,,,,,,,,0.71
112,128,1,0,0.0029051131568849087,0.002825457602739334,0.002908703498542309,247,,137880576,137880576,33022976,,,,,,,,,0.76
112,167,1,0,0.003835367038846016,0.0038055009208619595,0.0038385781459510326,183,,173138944,173138944,38921216,,,,,,,,,0.76
112,256,1,0,0.005598895251750946,0.005555112846195698,0.005623290967196226,125,,257811456,257811456,52290560,,,,,,,,,0.78
128,1,0,0,0.00032943254336714745,0.0003198869526386261,0.000350326020270586,300,,15000576,15000576,13952000,,,,,,,,,0.11
128,2,0,0,0.00037481868639588356,0.00036911899223923683,0.0003831653855741024,300,,16245760,16245760,14148608,,,,,,,,,0.12
128,4,0,0,0.0004528127610683441,0.0004491899162530899,0.0004603392910212278,300,,28697600,28697600,14541824,,,,,,,,,0.15
128,8,0,0,0.00045518181286752224,0.00043910183012485504,0.0004587600938975811,300,,23847936,23847936,15328256,,,,,,,,,0.15
128,16,0,0,0.0006651938892900944,0.0006186608225107193,0.00066685751080513,300,,33678336,33678336,16901120,,,,,,,,,0.21
128,32,0,0,0.0011390401050448418,0.0011065658181905746,0.0011415967717766761,300,,53601280,53601280,20046848,,,,,,,,,0.36
128,64,0,0,0.0020352094434201717,0.001928701065480709,0.002046961570158601,300,,93447168,93447168,26338304,,,,,,,,,0.64
128,95,1,0,0.0028851181268692017,0.0028436449356377125,0.0028874682262539863,245,,133293056,133293056,32629760,,,,,,,,,0.75
128,98,1,0,0.002947756089270115,0.0028854627162218094,0.002953348262235522,242,,137880576,137880576,33022976,,,,,,,,,0.76
128,128,0,0,0.0038846393581479788,0.003856863360852003,0.0038877211045473814,182,,173138944,173138944,38921216,,,,,,,,,0.76
128,167,1,0,0.004810326034203172,0.004773542284965515,0.004812699276953936,146,,223470592,223470592,47309824,,,,,,,,,0.77
128,256,0,0,0.007169471820816398,0.007153275888413191,0.0071723906788975,98,,332522496,332522496,64087040,,,,,,,,,0.8
224,1,0,0,0.0005240165628492832,0.0005164421163499355,0.0005378888454288244,300,,86864896,86864896,14357504,,,,,,,,,0.18
224,2,0,0,0.00042527588084340096,0.0004161382094025612,0.0004291573073714972,300,,21439488,21439488,14959616,,,,,,,,,0.14
224,4,0,0,0.0005755810998380184,0.0005370420403778553,0.0005779937375336886,300,,29008896,29008896,16163840,,,,,,,,,0.18
224,8,0,0,0.0009197541512548923,0.000899722333997488,0.0009218546561896801,300,,44262400,44262400,18572288,,,,,,,,,0.29
224,16,0,0,0.0016023609787225723,0.0015234551392495632,0.001604853570461273,300,,75228160,75228160,23847936,,,,,,,,,0.5
224,32,0,0,0.0029454403556883335,0.002883997280150652,0.0029499280732125043,242,,137880576,137880576,33022976,,,,,,,,,0.75
224,64,0,0,0.005530190654098988,0.005490938201546669,0.005532872024923563,127,,257811456,257811456,52290560,,,,,,,,,0.78
224,95,1,0,0.008237059926614165,0.008231913670897484,0.00824072938412428,84,,377140224,377140224,70956032,,,,,,,,,0.8
224,98,1,0,0.008415346033871174,0.008409630972892046,0.008418331481516361,83,,387466240,387466240,72762368,,,,,,,,,0.81
224,128,0,0,0.010938764084130526,0.010932429227977991,0.010943071823567152,63,,502391808,502391808,91350016,,,,,,,,,0.84
224,167,1,0,0.01387491961941123,0.013869209215044975,0.013878603046759964,50,,651289600,651289600,114418688,,,,,,,,,0.88
224,256,0,0,0.02134524565190077,0.02133785793557763,0.021350369928404687,32,,991028224,991028224,168944640,,,,,,,,,0.97
256,1,0,0,0.0004246458411216736,0.0004120301455259323,0.0004798588342964649,300,,18736128,18736128,14541824,,,,,,,,,0.14
256,2,0,0,0.0004494241438806057,0.0004334840923547745,0.00045227278023958207,300,,23847936,23847936,15328256,,,,,,,,,0.15
256,4,0,0,0.000639207661151886,0.0006014099344611168,0.0006415149662643671,300,,33678336,33678336,16901120,,,,,,,,,0.2
256,8,0,0,0.0011109199840575457,0.0010778279975056648,0.0011129001155495643,300,,53601280,53601280,20046848,,,,,,,,,0.35
256,16,0,0,0.001993622165173292,0.001906147226691246,0.0019974906928837298,300,,93447168,93447168,26338304,,,,,,,,,0.63
256,32,0,0,0.0037967530079185963,0.003766664769500494,0.0038050671108067037,185,,173138944,173138944,38921216,,,,,,,,,0.76
256,64,0,0,0.007179212756454945,0.007174001075327396,0.007182474620640278,97,,332522496,332522496,64087040,,,,,,,,,0.79
256,95,1,0,0.010545880300924182,0.010540766175836325,0.010550381615757942,66,,487711744,487711744,89252864,,,,,,,,,0.84
256,98,1,0,0.010818465379998088,0.010811484884470701,0.010897131729871034,64,,502391808,502391808,91350016,,,,,,,,,0.84
256,128,0,0,0.013825805624946952,0.01381968567147851,0.013829950336366892,50,,651289600,651289600,114418688,,,,,,,,,0.88
256,167,1,0,0.01802910165861249,0.01802315004169941,0.018033670680597424,38,,846324736,846324736,145875968,,,,,,,,,0.93
256,256,0,0,0.02740339608862996,0.02739784773439169,0.02745163831859827,25,,1288823808,1288823808,215081984,,,,,,,,,1.05
352,1,1,0,0.0004936694167554379,0.00048076314851641655,0.0005327612161636353,300,,23847936,23847936,15242240,,,,,,,,,0.17
352,2,1,0,0.0006466950289905071,0.0006007477641105652,0.0006530201528221369,300,,32588800,32588800,16729088,,,,,,,,,0.21
352,4,1,0,0.0010451215784996748,0.0010071429423987865,0.0010477029718458652,300,,53257216,53257216,19702784,,,,,,,,,0.33
352,8,1,0,0.0018919985741376877,0.0017564259469509125,0.0018960712477564812,300,,89777152,89777152,26338304,,,,,,,,,0.59
352,16,1,0,0.0034223650582134724,0.0033967699855566025,0.0034289153292775152,205,,164422656,164422656,37544960,,,,,,,,,0.75
352,32,1,0,0.0067238169722259045,0.006719250697642565,0.006727127358317375,103,,317842432,317842432,61989888,,,,,,,,,0.79
352,64,1,0,0.013109968975186348,0.013103903736919165,0.013116390909999609,53,,616424448,616424448,108913664,,,,,,,,,0.87
352,95,1,0,0.02007468673400581,0.020067854784429073,0.02008023876696825,34,,909980672,909980672,155005952,,,,,,,,,0.95
352,98,1,0,0.02005004044622183,0.020042214076966047,0.02005409519188106,34,,936592384,936592384,159466496,,,,,,,,,0.95
352,128,1,0,0.02609572047367692,0.026087848003953695,0.026115603977814317,26,,1219617792,1219617792,204596224,,,,,,,,,1.03
352,167,1,0,0.03397490666247904,0.03386605205014348,0.03410461931489408,20,,1587459072,1587459072,262059008,,,,,,,,,1.13
352,256,1,1,,,,,,,,,,,,,,,,,0.01
384,1,0,0,0.0004919234197586775,0.0004836651496589184,0.000529197696596384,300,,24962048,24962048,15524864,,,,,,,,,0.17
384,2,0,0,0.0007078165654093027,0.0006602569483220577,0.000710205314680934,300,,36168704,36168704,17294336,,,,,,,,,0.22
384,4,0,0,0.0012050028890371323,0.0011716368608176708,0.0012068594805896282,300,,58582016,58582016,20833280,,,,,,,,,0.38
384,8,0,0,0.002185082295909524,0.0020899828523397446,0.002187522267922759,300,,103932928,103932928,28435456,,,,,,,,,0.69
384,16,0,0,0.004209426697343588,0.004203009884804487,0.004238227382302284,166,,194110464,194110464,43115520,,,,,,,,,0.76
384,32,0,0,0.008125707972794771,0.008120473008602858,0.00812958157621324,86,,372368384,372368384,70378496,,,,,,,,,0.81
384,64,0,0,0.01570530468598008,0.015699051786214113,0.01570997592061758,44,,730981376,730981376,127001600,,,,,,,,,0.9
384,95,1,0,0.022996313869953156,0.0229886332526803,0.02300164313055575,30,,1079436288,1079436288,181855232,,,,,,,,,0.99
384,98,1,0,0.023840509820729494,0.023834142368286848,0.023846574313938617,29,,1114760192,1114760192,187819008,,,,,,,,,1.01
384,128,0,0,0.031043141148984432,0.03081059968098998,0.031095980759710075,22,,1448207360,1448207360,240247808,,,,,,,,,1.09
384,167,1,0,0.04030580725520849,0.0402027009986341,0.0404007812961936,20,,1886512128,1886512128,309453824,,,,,,,,,1.34
384,256,0,1,,,,,,,,,,,,,,,,,0.0
400,1,1,0,0.0005135280080139637,0.0005044839344918728,0.0005390489008277654,300,,25915392,25915392,15675392,,,,,,,,,0.18
400,2,1,0,0.000847359886392951,0.000815155915915966,0.0008504629600793123,300,,38566912,38566912,17595392,,,,,,,,,0.27
400,4,1,0,0.0012715533375740051,0.001204818021506071,0.001274681370705366,300,,63378432,63378432,21435392,,,,,,,,,0.4
400,8,1,0,0.002301853382959962,0.002239085268229246,0.00230358736589551,300,,113001472,113001472,29115392,,,,,,,,,0.72
400,16,1,0,0.004532589111477137,0.004496976267546415,0.004537517204880714,155,,209052672,209052672,45212672,,,,,,,,,0.76
400,32,1,0,0.009070158004760742,0.009064143057912588,0.009088592696934938,77,,402875392,402875392,75195392,,,,,,,,,0.82
400,64,1,0,0.017058428842574358,0.017048961017280817,0.01706272503361106,41,,792847360,792847360,137487360,,,,,,,,,0.93
400,95,1,0,0.025961227249354124,0.02576978225260973,0.025970923993736506,27,,1169286144,1169286144,196207616,,,,,,,,,1.04
400,98,1,0,0.02587195858359337,0.025861576199531555,0.025988939963281155,27,,1206019072,1206019072,202499072,,,,,,,,,1.04
400,128,1,0,0.03362447745166719,0.033563217148184776,0.03392315432429314,20,,1572332544,1572332544,259515392,,,,,,,,,1.12
400,167,1,0,0.044204254634678364,0.04379017697647214,0.044416005117818715,20,,2045895680,2045895680,334619648,,,,,,,,,1.47
400,256,1,1,,,,,,,,,,,,,,,,,0.01
512,1,0,0,0.0006752284243702888,0.0006665131077170372,0.0006946578156203032,300,,33678336,33678336,16901120,,,,,,,,,0.24
512,2,0,0,0.0011353031732141972,0.0010935147292912006,0.001138922292739153,300,,53601280,53601280,20046848,,,,,,,,,0.36
512,4,0,0,0.001964225899428129,0.0018879147246479988,0.0019680662546306847,300,,93447168,93447168,26338304,,,,,,,,,0.62
512,8,0,0,0.0037731039337813854,0.0037460578605532646,0.0037873894907534122,186,,173138944,173138944,38921216,,,,,,,,,0.76
512,16,0,0,0.007112818071618676,0.00710475817322731,0.007142792129889131,98,,332522496,332522496,64087040,,,,,,,,,0.79
512,32,0,0,0.013863445026800036,0.013846214860677719,0.013887213030830025,50,,651289600,651289600,114418688,,,,,,,,,0.88
512,64,0,0,0.027408957947045565,0.027403112966567278,0.027421265840530396,25,,1288823808,1288823808,215081984,,,,,,,,,1.05
512,95,1,0,0.04081447864882648,0.04080318007618189,0.04098795102909207,20,,1907483648,1907483648,313648128,,,,,,,,,1.36
512,98,1,0,0.041979650035500526,0.04196896776556969,0.04214632725343108,20,,1966203904,1966203904,322036736,,,,,,,,,1.4
512,128,0,1,,,,,,,,,,,,,,,,,0.0
512,167,1,1,,,,,,,,,,,,,,,,,0.01
512,256,0,1,,,,,,,,,,,,,,,,,0.02
