"оставлено, %",el2n_ep20,forget_full,grand_ep1,grand_ep20,random,все данные
10,0.324,0.4229,0.5802,,0.8281,0.9469166666666667
20,0.5761,0.6775,0.7426,,0.8932,0.9469166666666667
30,0.8702,0.9352,0.8199,,0.9044,0.9469166666666667
40,0.9391,0.9457,0.8859,0.9361,0.9269,0.9469166666666667
50,0.9471,0.9485,0.9147,0.9457,0.924,0.9469166666666667
60,0.9454,0.9503,0.93,,0.9363,0.9469166666666667
70,0.9477,0.949,0.9417,0.9494,0.9358,0.9469166666666667
80,0.9514,0.9496,0.9453,,0.9432,0.9469166666666667
90,0.9476,0.9493,0.9491,,0.9456,0.9469166666666667
