step,epoch,lr,train_loss,train_acc,test_loss,test_acc,wall
1950,5,0.1,1.7080177068710327,0.37004005908966064,1.0462332885742187,0.604,25.85759973526001
3900,10,0.1,1.0610177516937256,0.6029166579246521,0.6460231994628907,0.7658,51.69252896308899
5850,15,0.1,0.6870868802070618,0.749719500541687,0.4664126953125,0.8426,77.5074851512909
7800,20,0.1,0.5372368097305298,0.8069350719451904,0.42738104248046876,0.8529,103.32439184188843
9750,25,0.1,0.4672977030277252,0.8334174156188965,0.5077377044677734,0.8363,129.15179324150085
11700,30,0.020000000000000004,0.42754384875297546,0.8484134078025818,0.39831895446777343,0.8638,154.98608946800232
13650,35,0.020000000000000004,0.09604917466640472,0.9682130813598633,0.25617182769775393,0.9265,180.82309246063232
15600,40,0.020000000000000004,0.058439407497644424,0.9808933734893799,0.2684022232055664,0.9238,206.65708017349243
17550,45,0.020000000000000004,0.07238669693470001,0.9758933782577515,0.2780385620117187,0.9232,232.4978334903717
19500,50,0.020000000000000004,0.08837341517210007,0.9701201319694519,0.29932154846191406,0.9169,258.336398601532
21450,55,0.020000000000000004,0.09384539723396301,0.968305230140686,0.27812374267578127,0.921,284.17816138267517
23400,60,0.004000000000000001,0.08969522267580032,0.969326913356781,0.31909579467773436,0.9118,310.027783870697
25350,65,0.004000000000000001,0.01336482260376215,0.997087299823761,0.2096436050415039,0.9439,335.87168645858765
27300,70,0.004000000000000001,0.005154176615178585,0.999515175819397,0.20818502807617187,0.9453,361.719313621521
29250,75,0.004000000000000001,0.0037388878408819437,0.9997755885124207,0.20349356842041016,0.9454,387.5752103328705
31200,80,0.0008000000000000003,0.0032609766349196434,0.9998236894607544,0.20128297729492187,0.947,413.4271583557129
33150,85,0.0008000000000000003,0.002790748607367277,0.9999198317527771,0.19920504150390625,0.9472,439.2823030948639
35100,90,0.0008000000000000003,0.0026746420189738274,0.9999479055404663,0.1998339553833008,0.947,465.14018201828003
37050,95,0.0008000000000000003,0.002593089360743761,0.9999719262123108,0.19900149688720703,0.9467,491.00616240501404
39000,100,0.0008000000000000003,0.0026133290957659483,0.9999158382415771,0.19842705383300782,0.9471,516.8638548851013
