name,prefix,method,keep_frac,offset,subset_size,score_epoch,noise,run,n_train,kind,group,final_test_acc,best_test_acc,final_train_acc,wall_minutes,num_epochs,amp
full/run0,main,full,1.0,,,,0.0,0,50000,full,full,0.7683,0.771,0.9993590116500854,16.343878416220345,100,bf16
full/run1,main,full,1.0,,,,0.0,1,50000,full,full,0.7681,0.7697,0.9994791746139526,16.239865299065908,100,bf16
full/run2,main,full,1.0,,,,0.0,2,50000,full,full,0.7651,0.7665,0.9994992017745972,14.289316376050314,100,bf16
full/run3,main,full,1.0,,,,0.0,3,50000,full,full,0.7663,0.7669,0.9995192885398865,14.264795899391174,100,bf16
full/run4,main,full,1.0,,,,0.0,4,50000,full,full,0.7743,0.7754,0.9995793700218201,16.258010884126026,100,bf16
full/run5,main,full,1.0,,,,0.0,5,50000,full,full,0.77,0.7713,0.9994791746139526,16.129433846473695,100,bf16
prune/el2n_ep20/keep010/run0,main,el2n_ep20,0.1,,,,0.0,0,5000,prune,prune,0.0795,0.0821,0.9999999403953552,41.76895836194356,100,bf16
prune/el2n_ep20/keep020/run0,main,el2n_ep20,0.2,,,,0.0,0,10000,prune,prune,0.1694,0.1721,0.9998918175697327,40.68897411823273,100,bf16
prune/el2n_ep20/keep030/run0,main,el2n_ep20,0.3,,,,0.0,0,15000,prune,prune,0.3182,0.3201,0.9997435808181763,40.39229550361633,100,bf16
prune/el2n_ep20/keep040/run0,main,el2n_ep20,0.4,,,,0.0,0,20000,prune,prune,0.4928,0.4965,0.9996353983879089,41.96813693443934,100,bf16
prune/el2n_ep20/keep050/run0,main,el2n_ep20,0.5,,,,0.0,0,25000,prune,prune,0.6327,0.6361,0.9996033310890198,41.12756363550822,100,bf16
prune/el2n_ep20/keep060/run0,main,el2n_ep20,0.6,,,,0.0,0,30000,prune,prune,0.7089,0.7102,0.9996393918991089,39.77191979090373,100,bf16
prune/el2n_ep20/keep070/run0,main,el2n_ep20,0.7,,,,0.0,0,35000,prune,prune,0.7576,0.7576,0.9995912909507751,40.35899916489919,100,bf16
prune/el2n_ep20/keep080/run0,main,el2n_ep20,0.8,,,,0.0,0,40000,prune,prune,0.7644,0.7644,0.9995953440666199,20.50139033794403,100,bf16
prune/el2n_ep20/keep090/run0,main,el2n_ep20,0.9,,,,0.0,0,45000,prune,prune,0.7687,0.7687,0.9994871616363525,15.448497712612152,100,bf16
prune/forget_full/keep010/run0,main,forget_full,0.1,,,,0.0,0,5000,prune,prune,0.2444,0.2475,0.9980849027633667,40.793173185984294,100,bf16
prune/forget_full/keep020/run0,main,forget_full,0.2,,,,0.0,0,10000,prune,prune,0.4008,0.4025,0.998978316783905,40.851078216234846,100,bf16
prune/forget_full/keep030/run0,main,forget_full,0.3,,,,0.0,0,15000,prune,prune,0.514,0.514,0.9992547631263733,41.192574556668596,100,bf16
prune/forget_full/keep040/run0,main,forget_full,0.4,,,,0.0,0,20000,prune,prune,0.6329,0.6362,0.9993829727172852,40.712315273284915,100,bf16
prune/forget_full/keep050/run0,main,forget_full,0.5,,,,0.0,0,25000,prune,prune,0.7048,0.7048,0.9994951486587524,41.9210763335228,100,bf16
prune/forget_full/keep060/run0,main,forget_full,0.6,,,,0.0,0,30000,prune,prune,0.7393,0.7401,0.9995833039283752,41.12805550098419,100,bf16
prune/forget_full/keep070/run0,main,forget_full,0.7,,,,0.0,0,35000,prune,prune,0.761,0.761,0.9995512366294861,15.096804479757944,100,bf16
prune/forget_full/keep080/run0,main,forget_full,0.8,,,,0.0,0,40000,prune,prune,0.7675,0.7678,0.9994951486587524,14.698110389709473,100,bf16
prune/forget_full/keep090/run0,main,forget_full,0.9,,,,0.0,0,45000,prune,prune,0.7662,0.7664,0.9994951486587524,20.022115834554036,100,bf16
prune/grand_ep1/keep010/run0,main,grand_ep1,0.1,,,,0.0,0,5000,prune,prune,0.3262,0.3264,0.9999999403953552,40.66209605137507,100,bf16
prune/grand_ep1/keep020/run0,main,grand_ep1,0.2,,,,0.0,0,10000,prune,prune,0.446,0.4488,0.9999959468841553,41.557433040936786,100,bf16
prune/grand_ep1/keep030/run0,main,grand_ep1,0.3,,,,0.0,0,15000,prune,prune,0.5614,0.5614,0.9999879598617554,42.05258489052455,100,bf16
prune/grand_ep1/keep040/run0,main,grand_ep1,0.4,,,,0.0,0,20000,prune,prune,0.6251,0.6251,0.9999518990516663,41.79064331849416,100,bf16
prune/grand_ep1/keep050/run0,main,grand_ep1,0.5,,,,0.0,0,25000,prune,prune,0.6644,0.6644,0.9999037981033325,41.29291934172313,100,bf16
prune/grand_ep1/keep060/run0,main,grand_ep1,0.6,,,,0.0,0,30000,prune,prune,0.7023,0.7023,0.9998517036437988,41.50387305021286,100,bf16
prune/grand_ep1/keep070/run0,main,grand_ep1,0.7,,,,0.0,0,35000,prune,prune,0.7287,0.7294,0.9998236894607544,21.084593884150188,100,bf16
prune/grand_ep1/keep080/run0,main,grand_ep1,0.8,,,,0.0,0,40000,prune,prune,0.7447,0.7447,0.9997795820236206,15.304628268877666,100,bf16
prune/grand_ep1/keep090/run0,main,grand_ep1,0.9,,,,0.0,0,45000,prune,prune,0.7587,0.7587,0.9996674060821533,15.09481810728709,100,bf16
prune/grand_ep20/keep010/run0,main,grand_ep20,0.1,,,,0.0,0,5000,prune,prune,0.1337,0.1337,0.9999999403953552,40.63631273508072,100,bf16
prune/grand_ep20/keep020/run0,main,grand_ep20,0.2,,,,0.0,0,10000,prune,prune,0.2505,0.2534,0.9999999403953552,41.423964603741965,100,bf16
prune/grand_ep20/keep030/run0,main,grand_ep20,0.3,,,,0.0,0,15000,prune,prune,0.4219,0.4257,0.9998557567596436,41.602798561255135,100,bf16
prune/grand_ep20/keep040/run0,main,grand_ep20,0.4,,,,0.0,0,20000,prune,prune,0.5426,0.5426,0.9997315406799316,41.402174814542136,100,bf16
prune/grand_ep20/keep050/run0,main,grand_ep20,0.5,,,,0.0,0,25000,prune,prune,0.6578,0.6589,0.9996353983879089,41.456036861737566,100,bf16
prune/grand_ep20/keep060/run0,main,grand_ep20,0.6,,,,0.0,0,30000,prune,prune,0.727,0.727,0.9997075200080872,41.926415566603346,100,bf16
prune/grand_ep20/keep070/run0,main,grand_ep20,0.7,,,,0.0,0,35000,prune,prune,0.7514,0.7537,0.999679446220398,15.089303656419117,100,bf16
prune/grand_ep20/keep080/run0,main,grand_ep20,0.8,,,,0.0,0,40000,prune,prune,0.7674,0.7691,0.9995752573013306,15.108745900789897,100,bf16
prune/grand_ep20/keep090/run0,main,grand_ep20,0.9,,,,0.0,0,45000,prune,prune,0.7714,0.7714,0.999471127986908,15.308882665634155,100,bf16
prune/random/keep010/run0,main,random,0.1,,,,0.0,0,5000,prune,prune,0.4735,0.4735,0.9999999403953552,41.027345601717634,100,bf16
prune/random/keep020/run0,main,random,0.2,,,,0.0,0,10000,prune,prune,0.5937,0.5955,0.9999999403953552,41.14202068646749,100,bf16
prune/random/keep030/run0,main,random,0.3,,,,0.0,0,15000,prune,prune,0.6432,0.6438,0.9999999403953552,40.71622961759567,100,bf16
prune/random/keep040/run0,main,random,0.4,,,,0.0,0,20000,prune,prune,0.6767,0.6767,0.9999479055404663,41.56934490203857,100,bf16
prune/random/keep050/run0,main,random,0.5,,,,0.0,0,25000,prune,prune,0.705,0.705,0.9998998045921326,40.8901056488355,100,bf16
prune/random/keep060/run0,main,random,0.6,,,,0.0,0,30000,prune,prune,0.7298,0.7298,0.999879777431488,41.10278782049815,100,bf16
prune/random/keep070/run0,main,random,0.7,,,,0.0,0,35000,prune,prune,0.7398,0.7403,0.9998316764831543,40.655898956457776,100,bf16
prune/random/keep080/run0,main,random,0.8,,,,0.0,0,40000,prune,prune,0.7484,0.7501,0.9998196959495544,15.13576718568802,100,bf16
prune/random/keep090/run0,main,random,0.9,,,,0.0,0,45000,prune,prune,0.7617,0.7623,0.9996313452720642,20.460764547189076,100,bf16
scores/run0,main,scoring_run,1.0,,,,0.0,0,50000,scores,scores,0.5915,0.5915,0.6624839305877686,10.878306881586711,20,bf16
scores/run1,main,scoring_run,1.0,,,,0.0,1,50000,scores,scores,0.5772,0.5772,0.6596594452857971,10.663501163323721,20,bf16
scores/run2,main,scoring_run,1.0,,,,0.0,2,50000,scores,scores,0.5825,0.5825,0.6608293056488037,11.350269714991251,20,bf16
scores/run3,main,scoring_run,1.0,,,,0.0,3,50000,scores,scores,0.5885,0.5885,0.6529567241668701,10.986817717552185,20,bf16
scores/run4,main,scoring_run,1.0,,,,0.0,4,50000,scores,scores,0.6009,0.6009,0.6629486680030823,10.809774796168009,20,bf16
scores/run5,main,scoring_run,1.0,,,,0.0,5,50000,scores,scores,0.56,0.5789,0.6609254479408264,10.891272318363189,20,bf16
scores/run6,main,scoring_run,1.0,,,,0.0,6,50000,scores,scores,0.5416,0.5574,0.6540544629096985,11.147094837824504,20,bf16
scores/run7,main,scoring_run,1.0,,,,0.0,7,50000,scores,scores,0.6077,0.6077,0.6618068814277649,11.149404275417329,20,bf16
scores/run8,main,scoring_run,1.0,,,,0.0,8,50000,scores,scores,0.5733,0.5733,0.6609535217285156,10.795057833194733,20,bf16
scores/run9,main,scoring_run,1.0,,,,0.0,9,50000,scores,scores,0.5887,0.5887,0.6608933806419373,10.8578675309817,20,bf16
